timestamp,test_pass_rate,total_tests,failed_tests,critical_vulns,high_vulns,medium_vulns,bandit_issues,build_time,code_churn,past_failures,outcome
2026-08-31T11:05:35.333319Z,1.0,4,0,3,18,66,17,56,0,0,1
2026-08-31T11:35:32.007050Z,1.0,4,0,3,18,66,17,58,2,0,1
2026-08-31T11:39:39.188396Z,1.0,4,0,3,18,66,17,49,2,0,1
2026-08-31T11:43:40.037782Z,1.0,4,0,3,18,66,17,51,2,0,1
2026-08-31T11:47:47.831697Z,1.0,4,0,3,18,66,17,49,2,0,1
2026-08-31T11:51:55.526378Z,1.0,4,0,3,18,66,17,55,2,0,1
2026-08-31T12:08:28.795669Z,0.75,4,1,3,18,66,17,51,3,0,0
2026-08-31T12:13:36.733647Z,1.0,4,0,3,18,66,17,51,3,0,1
2026-08-31T13:58:55.722312Z,0.75,4,1,3,18,66,17,47,3,0,0
2026-08-31T19:10:00.691384Z,1.0,4,0,3,18,66,17,50,3,0,1
2026-08-31T19:16:56.690420Z,0.75,4,1,3,18,66,17,48,3,0,0
2026-08-31T19:26:43.439519Z,1.0,4,0,3,18,66,17,55,3,0,1
2026-08-31T19:31:51.064253Z,0.75,4,1,3,18,66,17,47,3,0,0
2026-08-31T19:36:33.985007Z,1.0,4,0,3,18,66,17,49,3,0,1
2026-08-31T20:05:38.155095Z,1.0,4,0,3,24,73,17,47,3,0,1
2026-08-31T20:09:41.388888Z,1.0,4,0,3,18,66,17,49,2,0,1
2026-08-31T20:14:42.752072Z,1.0,4,0,3,24,73,17,49,2,0,1
2026-08-31T20:18:35.494680Z,1.0,4,0,3,18,66,17,56,2,0,1
2026-08-31T20:23:03.705863Z,1.0,4,0,3,24,73,17,49,2,0,1
2026-08-31T20:26:19.536184Z,1.0,4,0,3,18,66,17,56,2,0,1
2026-08-31T20:29:51.462538Z,1.0,4,0,3,24,73,17,42,2,0,1
2026-08-31T20:34:11.283203Z,1.0,4,0,3,18,66,17,69,2,0,1
2026-09-02T19:53:26.002041Z,1.0,4,0,3,15,63,17,47,109,0,1
